epoca,accuracy,loss,val_accuracy,val_loss
1,0.8606250286102295,0.32596898078918457,0.9024999737739563,0.2403993010520935
2,0.9198958277702332,0.21051082015037537,0.9191666841506958,0.20724806189537048
3,0.9378125071525574,0.16553615033626556,0.9270833134651184,0.19129535555839539
4,0.9474999904632568,0.13919231295585632,0.9270833134651184,0.19956082105636597
5,0.9546874761581421,0.11712078005075455,0.9295833110809326,0.21716222167015076
6,0.9643750190734863,0.09488174319267273,0.9308333396911621,0.20760475099086761
7,0.9655208587646484,0.09228965640068054,0.9375,0.18105261027812958
8,0.9719791412353516,0.07532740384340286,0.9325000047683716,0.2254161387681961
9,0.9743750095367432,0.06363841146230698,0.9366666674613953,0.22147944569587708
10,0.9776041507720947,0.06105613708496094,0.9379166960716248,0.23821739852428436
